"295","295","45","0","1","0","0","0","1"
"328","328","78","0","1","0","0","1","0"
"334","334","84","0","0","1","0","0","1"
"373","373","123","0","0","1","0","0","1"
"412","412","162","0","0","1","0","0","1"
"451","451","201","0","0","1","0","0","1"
"490","490","240","0","0","1","0","0","1"
"529","529","279","0","0","1","0","0","1"
"568","568","318","0","0","1","0","0","1"
"357","6","357","0","0","1","0","0","1"
"381","30","381","0","0","1","1","0","0"
"396","45","396","0","1","0","0","0","1"
"435","84","435","0","1","0","0","0","1"
"474","123","474","0","1","0","0","0","1"
"513","162","513","0","1","0","0","0","1"
"552","201","552","0","1","0","0","0","1"
"591","240","591","0","1","0","0","0","1"
"279","276","0","0","1","0","0","0","1"
"318","315","0","0","1","0","0","0","1"
"336","333","0","0","1","0","0","1","0"
"357","354","0","0","0","1","0","0","1"
"396","393","0","0","0","1","0","0","1"
"435","432","0","0","0","1","0","0","1"
"474","471","0","0","0","1","0","0","1"
"513","510","0","0","0","1","0","0","1"
"552","549","0","0","0","1","0","0","1"
"591","588","0","0","0","1","0","0","1"
"295","295","45","0","1","0","0","0","1"
"334","334","84","0","1","0","0","0","1"
"337","337","87","0","1","0","0","1","0"
"373","373","123","0","0","1","0","0","1"
"412","412","162","0","0","1","0","0","1"
"451","451","201","0","0","1","0","0","1"
"490","490","240","0","0","1","0","0","1"
"529","529","279","0","0","1","0","0","1"
"568","568","318","0","0","1","0","0","1"
"357","6","357","0","0","1","0","0","1"
"381","30","381","0","0","1","1","0","0"
"396","45","396","0","1","0","0","0","1"
"435","84","435","0","1","0","0","0","1"
"474","123","474","0","1","0","0","0","1"
"513","162","513","0","1","0","0","0","1"
"552","201","552","0","1","0","0","0","1"
"295","295","45","0","1","0","0","0","1"
"334","334","84","0","1","0","0","0","1"
"343","343","93","0","1","0","0","1","0"
"373","373","123","0","0","1","0","0","1"
"412","412","162","0","0","1","0","0","1"
"451","451","201","0","0","1","0","0","1"
"295","295","45","0","1","0","0","0","1"
"334","334","84","0","1","0","0","0","1"
"373","373","123","0","1","0","0","0","1"
"376","376","126","0","1","0","0","1","0"
"409","409","159","0","0","1","0","0","1"
"448","448","198","0","0","1","0","0","1"
"487","487","237","0","0","1","0","0","1"
"526","526","276","0","0","1","0","0","1"
"565","565","315","0","0","1","0","0","1"
"354","0","354","0","0","1","0","0","1"
"375","0","375","0","0","1","1","0","0"
"393","0","393","0","1","0","0","0","1"
"432","0","432","0","1","0","0","0","1"
"471","0","471","0","1","0","0","0","1"
"510","0","510","0","1","0","0","0","1"
"549","0","549","0","1","0","0","0","1"
"588","0","588","0","1","0","0","0","1"
"276","0","273","0","1","0","0","0","1"
"315","0","312","0","1","0","0","0","1"
"354","0","351","0","1","0","0","0","1"
"393","0","390","0","1","0","0","0","1"
"432","0","429","0","1","0","0","0","1"
"471","0","468","0","1","0","0","0","1"
"510","0","507","0","1","0","0","0","1"
"549","0","546","0","1","0","0","0","1"
"588","0","585","0","1","0","0","0","1"
"375","27","0","0","1","0","0","0","1"
"414","66","0","0","1","0","0","0","1"
"453","105","0","0","1","0","0","0","1"
"492","144","0","0","1","0","0","0","1"
"531","183","0","0","1","0","0","0","1"
"570","222","0","0","1","0","0","0","1"
"258","255","9","0","1","0","0","0","1"
"297","294","48","0","1","0","0","0","1"
"303","300","54","0","1","0","0","1","0"
"336","333","87","0","0","1","0","0","1"
"375","372","126","0","0","1","0","0","1"
"414","411","165","0","0","1","0","0","1"
"453","450","204","0","0","1","0","0","1"
"492","489","243","0","0","1","0","0","1"
"531","528","282","0","0","1","0","0","1"
"570","567","321","0","0","1","0","0","1"
"354","0","351","0","0","1","1","0","0"
"357","0","354","0","1","0","0","0","1"
"396","0","393","0","1","0","0","0","1"
"435","0","432","0","1","0","0","0","1"
"474","0","471","0","1","0","0","0","1"
"513","0","510","0","1","0","0","0","1"
"552","0","549","0","1","0","0","0","1"
"591","0","588","0","1","0","0","0","1"
"279","0","276","0","1","0","0","0","1"
"318","0","315","0","1","0","0","0","1"
"357","0","354","0","1","0","0","0","1"
"396","0","393","0","1","0","0","0","1"
"435","0","432","0","1","0","0","0","1"
"474","0","471","0","1","0","0","0","1"
"513","0","510","0","1","0","0","0","1"
"552","0","549","0","1","0","0","0","1"
"591","0","588","0","1","0","0","0","1"
"378","0","0","0","1","0","0","0","1"
"417","0","0","0","1","0","0","0","1"
"456","0","0","0","1","0","0","0","1"
"495","0","0","0","1","0","0","0","1"
"534","0","0","0","1","0","0","0","1"
"573","0","0","0","1","0","0","0","1"
"261","12","0","0","1","0","0","0","1"
"300","51","0","0","1","0","0","0","1"
"336","87","0","0","1","0","0","0","1"
"375","126","0","0","1","0","0","0","1"
"414","165","0","0","1","0","0","0","1"
"453","204","0","0","1","0","0","0","1"
"492","243","0","0","1","0","0","0","1"
"531","282","0","0","1","0","0","0","1"
"570","321","0","0","1","0","0","0","1"
"6","357","0","0","1","0","0","0","1"
"15","366","0","0","1","0","0","1","0"
"45","396","0","0","0","1","0","0","1"
"84","435","0","0","0","1","0","0","1"
"123","474","0","0","0","1","0","0","1"
"162","513","0","0","0","1","0","0","1"
"201","552","0","0","0","1","0","0","1"
"240","591","0","0","0","1","0","0","1"
"279","276","30","0","0","1","0","0","1"
"295","295","45","0","1","0","0","0","1"
"316","316","66","0","1","0","0","1","0"
"334","334","84","0","0","1","0","0","1"
"373","373","123","0","0","1","0","0","1"
"412","412","162","0","0","1","0","0","1"
"451","451","201","0","0","1","0","0","1"
"490","490","240","0","0","1","0","0","1"
"529","529","279","0","0","1","0","0","1"
"568","568","318","0","0","1","0","0","1"
"357","0","357","0","0","1","0","0","1"
"384","0","384","0","0","1","1","0","0"
"396","0","396","0","1","0","0","0","1"
"435","0","435","0","1","0","0","0","1"
"474","0","474","0","1","0","0","0","1"
"513","0","513","0","1","0","0","0","1"
"552","0","552","0","1","0","0","0","1"
"591","0","591","0","1","0","0","0","1"
"0","0","30","0","1","0","0","0","1"
"0","0","69","0","1","0","0","0","1"
"0","0","108","0","1","0","0","0","1"
"0","0","147","0","1","0","0","0","1"
"0","0","186","0","1","0","0","0","1"
"0","0","225","0","1","0","0","0","1"
"0","0","264","0","1","0","0","0","1"
"0","0","303","0","1","0","0","0","1"
"0","0","342","0","1","0","0","0","1"
"27","30","375","0","1","0","0","0","1"
"66","69","414","0","1","0","0","0","1"
"105","108","453","0","1","0","0","0","1"
"135","138","483","0","1","0","1","0","0"
"144","147","492","1","0","0","0","0","1"
"183","186","531","1","0","0","0","0","1"
"222","225","570","1","0","0","0","0","1"
"261","258","9","1","0","0","0","0","1"
"300","297","48","1","0","0","0","0","1"
"339","336","87","1","0","0","0","0","1"
"345","342","93","1","0","0","0","1","0"
"375","372","123","0","1","0","0","1","0"
"378","375","126","0","0","1","0","0","1"
"417","414","165","0","0","1","0","0","1"
"456","453","204","0","0","1","0","0","1"
"495","492","243","0","0","1","0","0","1"
"534","531","282","0","0","1","0","0","1"
"573","570","321","0","0","1","0","0","1"
"9","0","357","0","0","1","1","0","0"
"12","0","360","0","1","0","0","0","1"
"51","0","399","0","1","0","0","0","1"
"90","0","438","0","1","0","0","0","1"
"129","0","477","0","1","0","0","0","1"
"168","0","516","0","1","0","0","0","1"
"207","0","555","0","1","0","0","0","1"
"246","0","594","0","1","0","0","0","1"
"282","0","0","0","1","0","0","0","1"
"321","0","0","0","1","0","0","0","1"
"360","0","0","0","1","0","0","0","1"
"399","0","0","0","1","0","0","0","1"
"438","0","0","0","1","0","0","0","1"
"477","0","0","0","1","0","0","0","1"
"516","0","0","0","1","0","0","0","1"
"555","0","0","0","1","0","0","0","1"
"594","0","0","0","1","0","0","0","1"
"30","33","0","0","1","0","0","0","1"
"69","72","0","0","1","0","0","0","1"
"108","111","0","0","1","0","0","0","1"
"147","150","0","0","1","0","0","0","1"
"186","189","0","0","1","0","0","0","1"
"225","228","0","0","1","0","0","0","1"
"240","243","0","0","1","0","0","1","0"
"264","261","12","0","0","1","0","0","1"
"303","300","51","0","0","1","0","0","1"
"342","339","90","0","0","1","0","0","1"
"381","378","129","0","0","1","0","0","1"
"420","417","168","0","0","1","0","0","1"
"459","456","207","0","0","1","0","0","1"
"498","495","246","0","0","1","0","0","1"
"537","534","285","0","0","1","0","0","1"
"576","573","324","0","0","1","0","0","1"
"357","12","360","0","0","1","1","0","0"
"360","15","363","0","1","0","0","0","1"
"399","54","402","0","1","0","0","0","1"
"438","93","441","0","1","0","0","0","1"
"477","132","480","0","1","0","0","0","1"
"516","171","519","0","1","0","0","0","1"
"555","210","558","0","1","0","0","0","1"
"594","249","597","0","1","0","0","0","1"
"285","282","0","0","1","0","0","0","1"
"324","321","0","0","1","0","0","0","1"
"342","339","0","0","1","0","0","1","0"
"363","360","0","0","0","1","0","0","1"
"402","399","0","0","0","1","0","0","1"
"441","438","0","0","0","1","0","0","1"
"480","477","0","0","0","1","0","0","1"
"519","516","0","0","0","1","0","0","1"
"558","555","0","0","0","1","0","0","1"
"597","594","0","0","0","1","0","0","1"
"381","36","0","0","0","1","0","0","1"
"420","75","0","0","0","1","0","0","1"
"459","114","0","0","0","1","0","0","1"
"498","153","0","0","0","1","0","0","1"
"537","192","0","0","0","1","0","0","1"
"576","231","0","0","0","1","0","0","1"
"15","264","0","0","0","1","0","0","1"
"54","303","0","0","0","1","0","0","1"
"93","342","0","0","0","1","0","0","1"
"132","381","0","0","0","1","0","0","1"
"171","420","0","0","0","1","0","0","1"
"210","459","0","0","0","1","0","0","1"
"249","498","0","0","0","1","0","0","1"
"288","537","0","0","0","1","0","0","1"
"327","576","0","0","0","1","0","0","1"
"366","363","0","0","0","1","0","0","1"
"405","402","0","0","0","1","0","0","1"
"444","441","0","0","0","1","0","0","1"
"483","480","0","0","0","1","0","0","1"
"522","519","0","0","0","1","0","0","1"
"561","558","0","0","0","1","0","0","1"
"600","597","0","0","0","1","0","0","1"
"39","288","0","0","0","1","0","0","1"
"78","327","0","0","0","1","0","0","1"
"117","366","0","0","0","1","0","0","1"
"156","405","0","0","0","1","0","0","1"
"195","444","0","0","0","1","0","0","1"
"234","483","0","0","0","1","0","0","1"
"273","522","0","0","0","1","0","0","1"
"312","561","0","0","0","1","0","0","1"
"351","600","0","0","0","1","0","0","1"
"384","0","39","0","0","1","0","0","1"
"423","0","78","0","0","1","0","0","1"
"462","0","117","0","0","1","0","0","1"
"501","0","156","0","0","1","0","0","1"
"540","0","195","0","0","1","0","0","1"
"579","0","234","0","0","1","0","0","1"
"18","0","270","0","0","1","0","0","1"
"57","0","309","0","0","1","0","0","1"
"93","0","345","0","0","1","1","0","0"
"96","0","348","0","1","0","0","0","1"
"135","0","387","0","1","0","0","0","1"
"174","0","426","0","1","0","0","0","1"
"213","0","465","0","1","0","0","0","1"
"252","0","504","0","1","0","0","0","1"
"291","0","543","0","1","0","0","0","1"
"330","0","582","0","1","0","0","0","1"
"369","18","366","0","1","0","0","0","1"
"408","57","405","0","1","0","0","0","1"
"447","96","444","0","1","0","0","0","1"
"486","135","483","0","1","0","0","0","1"
"525","174","522","0","1","0","0","0","1"
"564","213","561","0","1","0","0","0","1"
"0","252","600","0","1","0","0","0","1"
"0","291","288","0","1","0","0","0","1"
"0","303","300","0","1","0","1","0","0"
"0","330","327","1","0","0","0","0","1"
"0","369","366","1","0","0","0","0","1"
"0","408","405","1","0","0","0","0","1"
"0","447","444","1","0","0","0","0","1"
"0","486","483","1","0","0","0","0","1"
"0","525","522","1","0","0","0","0","1"
"0","564","561","1","0","0","0","0","1"
"3","0","600","1","0","0","0","0","1"
"42","0","39","1","0","0","0","0","1"
"81","0","78","1","0","0","0","0","1"
"117","0","114","1","0","0","0","1","0"
"120","0","117","0","1","0","0","0","1"
"159","0","156","0","1","0","0","0","1"
"198","0","195","0","1","0","0","0","1"
"237","0","234","0","1","0","0","0","1"
"270","0","273","0","1","0","0","0","1"
"309","0","312","0","1","0","0","0","1"
"348","0","351","0","1","0","0","0","1"
"387","0","390","0","1","0","0","0","1"
"426","0","429","0","1","0","0","0","1"
"465","0","468","0","1","0","0","0","1"
"504","0","507","0","1","0","0","0","1"
"543","0","546","0","1","0","0","0","1"
"582","0","585","0","1","0","0","0","1"
"372","24","369","0","1","0","0","0","1"
"411","63","408","0","1","0","0","0","1"
"450","102","447","0","1","0","0","0","1"
"489","141","486","0","1","0","0","0","1"
"528","180","525","0","1","0","0","0","1"
"567","219","564","0","1","0","0","0","1"
"0","252","0","0","1","0","0","0","1"
"0","258","0","0","1","0","0","1","0"
"0","291","0","0","0","1","0","0","1"
"0","330","0","0","0","1","0","0","1"
"0","369","0","0","0","1","0","0","1"
"0","408","0","0","0","1","0","0","1"
"0","447","0","0","0","1","0","0","1"
"0","486","0","0","0","1","0","0","1"
"0","525","0","0","0","1","0","0","1"
"0","564","0","0","0","1","0","0","1"
"0","600","3","0","0","1","0","0","1"
"0","390","42","0","0","1","0","0","1"
"0","429","81","0","0","1","0","0","1"
"0","468","120","0","0","1","0","0","1"
"0","507","159","0","0","1","0","0","1"
"0","546","198","0","0","1","0","0","1"
"0","585","237","0","0","1","0","0","1"
"0","0","273","0","0","1","0","0","1"
"0","0","300","0","0","1","1","0","0"
"0","0","312","0","1","0","0","0","1"
"0","0","351","0","1","0","0","0","1"
"0","0","390","0","1","0","0","0","1"
"0","0","429","0","1","0","0","0","1"
"0","0","468","0","1","0","0","0","1"
"0","0","507","0","1","0","0","0","1"
"0","0","546","0","1","0","0","0","1"
"0","0","585","0","1","0","0","0","1"
"0","0","24","0","1","0","0","0","1"
"0","0","63","0","1","0","0","0","1"
"0","0","102","0","1","0","0","0","1"
"0","0","141","0","1","0","0","0","1"
"0","0","180","0","1","0","0","0","1"
"0","0","219","0","1","0","0","0","1"
"6","0","252","0","1","0","0","0","1"
"45","0","291","0","1","0","0","0","1"
"84","0","330","0","1","0","0","0","1"
"123","0","369","0","1","0","0","0","1"
"162","0","408","0","1","0","0","0","1"
"201","0","447","0","1","0","0","0","1"
"240","0","486","0","1","0","0","0","1"
"279","0","525","0","1","0","0","0","1"
"318","0","564","0","1","0","0","0","1"
"351","0","354","0","1","0","0","0","1"
"390","0","393","0","1","0","0","0","1"
"429","0","432","0","1","0","0","0","1"
"468","0","471","0","1","0","0","0","1"
"507","0","510","0","1","0","0","0","1"
"546","0","549","0","1","0","0","0","1"
"585","0","588","0","1","0","0","0","1"
"0","0","27","0","1","0","0","0","1"
"0","0","66","0","1","0","0","0","1"
"0","0","105","0","1","0","0","0","1"
"0","0","144","0","1","0","0","0","1"
"0","0","183","0","1","0","0","0","1"
"0","0","222","0","1","0","0","0","1"
"0","0","261","0","1","0","0","0","1"
"0","0","300","0","1","0","0","0","1"
"0","0","339","0","1","0","0","0","1"
"27","24","375","0","1","0","0","0","1"
"66","63","414","0","1","0","0","0","1"
"105","102","453","0","1","0","0","0","1"
"144","141","492","0","1","0","0","0","1"
"183","180","531","0","1","0","0","0","1"
"222","219","570","0","1","0","0","0","1"
"255","258","0","0","1","0","0","0","1"
"291","294","0","0","1","0","0","1","0"
"294","297","0","0","0","1","0","0","1"
"333","336","0","0","0","1","0","0","1"
"372","375","0","0","0","1","0","0","1"
"411","414","0","0","0","1","0","0","1"
"450","453","0","0","0","1","0","0","1"
"489","492","0","0","0","1","0","0","1"
"528","531","0","0","0","1","0","0","1"
"567","570","0","0","0","1","0","0","1"
"0","357","0","0","0","1","0","0","1"
"0","396","0","0","0","1","0","0","1"
"0","435","0","0","0","1","0","0","1"
"0","474","0","0","0","1","0","0","1"
"0","513","0","0","0","1","0","0","1"
"0","552","0","0","0","1","0","0","1"
"0","591","0","0","0","1","0","0","1"
"30","0","0","0","0","1","0","0","1"
"33","0","0","0","0","1","1","0","0"
"69","0","0","0","1","0","0","0","1"
"108","0","0","0","1","0","0","0","1"
"147","0","0","0","1","0","0","0","1"
"186","0","0","0","1","0","0","0","1"
"225","0","0","0","1","0","0","0","1"
"264","0","0","0","1","0","0","0","1"
"303","0","0","0","1","0","0","0","1"
"342","0","0","0","1","0","0","0","1"
"378","30","27","0","1","0","0","0","1"
"417","69","66","0","1","0","0","0","1"
"456","108","105","0","1","0","0","0","1"
"495","147","144","0","1","0","0","0","1"
"534","186","183","0","1","0","0","0","1"
"573","225","222","0","1","0","0","0","1"
"0","258","261","0","1","0","0","0","1"
"0","297","300","0","1","0","0","0","1"
"0","336","339","0","1","0","0","0","1"
"0","339","342","0","1","0","1","0","0"
"0","375","378","1","0","0","0","0","1"
"0","414","417","1","0","0","0","0","1"
"0","453","456","1","0","0","0","0","1"
"0","492","495","1","0","0","0","0","1"
"0","531","534","1","0","0","0","0","1"
"0","570","573","1","0","0","0","0","1"
"9","360","357","1","0","0","0","0","1"
"48","399","396","1","0","0","0","0","1"
"87","438","435","1","0","0","0","0","1"
"126","477","474","1","0","0","0","0","1"
"165","516","513","1","0","0","0","0","1"
"204","555","552","1","0","0","0","0","1"
"243","594","591","1","0","0","0","0","1"
"282","0","279","1","0","0","0","0","1"
"321","0","318","1","0","0","0","0","1"
"342","0","339","1","0","0","0","1","0"
"360","0","357","0","1","0","0","0","1"
"399","0","396","0","1","0","0","0","1"
"438","0","435","0","1","0","0","0","1"
"477","0","474","0","1","0","0","0","1"
"516","0","513","0","1","0","0","0","1"
"555","0","552","0","1","0","0","0","1"
"594","0","591","0","1","0","0","0","1"
"378","33","30","0","1","0","0","0","1"
"399","54","51","0","1","0","0","1","0"
"417","72","69","0","0","1","0","0","1"
"456","111","108","0","0","1","0","0","1"
"495","150","147","0","0","1","0","0","1"
"534","189","186","0","0","1","0","0","1"
"573","228","225","0","0","1","0","0","1"
"0","261","264","0","0","1","0","0","1"
"0","288","291","0","0","1","1","0","0"
"0","300","303","0","1","0","0","0","1"
"0","318","321","0","1","0","1","0","0"
"0","339","342","1","0","0","0","0","1"
"0","378","381","1","0","0","0","0","1"
"0","417","420","1","0","0","0","0","1"
"0","456","459","1","0","0","0","0","1"
"0","495","498","1","0","0","0","0","1"
"0","534","537","1","0","0","0","0","1"
"0","573","576","1","0","0","0","0","1"
"15","12","360","1","0","0","0","0","1"
"54","51","399","1","0","0","0","0","1"
"93","90","438","1","0","0","0","0","1"
"132","129","477","1","0","0","0","0","1"
"171","168","516","1","0","0","0","0","1"
"210","207","555","1","0","0","0","0","1"
"249","246","594","1","0","0","0","0","1"
"255","258","0","1","0","0","0","1","0"
"282","285","0","0","1","0","0","0","1"
"315","318","0","0","1","0","0","1","0"
"321","324","0","0","0","1","0","0","1"
"360","363","0","0","0","1","0","0","1"
"399","402","0","0","0","1","0","0","1"
"438","441","0","0","0","1","0","0","1"
"477","480","0","0","0","1","0","0","1"
"516","519","0","0","0","1","0","0","1"
"555","558","0","0","0","1","0","0","1"
"594","597","0","0","0","1","0","0","1"
"381","384","0","0","0","1","0","0","1"
"420","423","0","0","0","1","0","0","1"
"459","462","0","0","0","1","0","0","1"
"498","501","0","0","0","1","0","0","1"
"537","540","0","0","0","1","0","0","1"
"576","579","0","0","0","1","0","0","1"
"264","0","18","0","0","1","0","0","1"
"303","0","57","0","0","1","0","0","1"
"342","0","96","0","0","1","0","0","1"
"381","0","135","0","0","1","0","0","1"
"420","0","174","0","0","1","0","0","1"
"459","0","213","0","0","1","0","0","1"
"498","0","252","0","0","1","0","0","1"
"537","0","291","0","0","1","0","0","1"
"576","0","330","0","0","1","0","0","1"
"588","0","342","0","0","1","1","0","0"
"18","15","366","0","1","0","0","0","1"
"57","54","405","0","1","0","0","0","1"
"96","93","444","0","1","0","0","0","1"
"135","132","483","0","1","0","0","0","1"
"174","171","522","0","1","0","0","0","1"
"213","210","561","0","1","0","0","0","1"
"252","249","600","0","1","0","0","0","1"
"285","288","0","0","1","0","0","0","1"
"324","327","0","0","1","0","0","0","1"
"342","345","0","0","1","0","0","1","0"
"363","366","0","0","0","1","0","0","1"
"402","405","0","0","0","1","0","0","1"
"441","444","0","0","0","1","0","0","1"
"480","483","0","0","0","1","0","0","1"
"519","522","0","0","0","1","0","0","1"
"558","561","0","0","0","1","0","0","1"
"597","600","0","0","0","1","0","0","1"
"387","0","39","0","0","1","0","0","1"
"426","0","78","0","0","1","0","0","1"
"465","0","117","0","0","1","0","0","1"
"504","0","156","0","0","1","0","0","1"
"513","0","165","0","0","1","1","0","0"
"543","0","195","0","1","0","0","0","1"
"582","0","234","0","1","0","0","0","1"
"18","0","270","0","1","0","0","0","1"
"57","0","309","0","1","0","0","0","1"
"96","0","348","0","1","0","0","0","1"
"135","0","387","0","1","0","0","0","1"
"174","0","426","0","1","0","0","0","1"
"213","0","465","0","1","0","0","0","1"
"252","0","504","0","1","0","0","0","1"
"291","0","543","0","1","0","0","0","1"
"330","0","582","0","1","0","0","0","1"
"369","0","21","0","1","0","0","0","1"
"408","0","60","0","1","0","0","0","1"
"447","0","99","0","1","0","0","0","1"
"486","0","138","0","1","0","0","0","1"
"525","0","177","0","1","0","0","0","1"
"564","0","216","0","1","0","0","0","1"
"3","0","252","0","1","0","0","0","1"
"42","0","291","0","1","0","0","0","1"
"81","0","330","0","1","0","0","0","1"
"120","0","369","0","1","0","0","0","1"
"159","0","408","0","1","0","0","0","1"
"198","0","447","0","1","0","0","0","1"
"237","0","486","0","1","0","0","0","1"
"276","0","525","0","1","0","0","0","1"
"315","0","564","0","1","0","0","0","1"
"351","0","600","0","1","0","0","0","1"
"387","0","0","0","1","0","0","0","1"
"426","0","0","0","1","0","0","0","1"
"465","0","0","0","1","0","0","0","1"
"504","0","0","0","1","0","0","0","1"
"543","0","0","0","1","0","0","0","1"
"582","0","0","0","1","0","0","0","1"
"0","0","24","0","1","0","0","0","1"
"0","0","63","0","1","0","0","0","1"
"0","0","102","0","1","0","0","0","1"
"0","0","141","0","1","0","0","0","1"
"0","0","180","0","1","0","0","0","1"
"0","0","219","0","1","0","0","0","1"
"0","0","258","0","1","0","0","0","1"
"0","0","297","0","1","0","0","0","1"
"0","0","336","0","1","0","0","0","1"
"21","0","372","0","1","0","0","0","1"
"60","0","411","0","1","0","0","0","1"
"99","0","450","0","1","0","0","0","1"
"138","0","489","0","1","0","0","0","1"
"177","0","528","0","1","0","0","0","1"
"216","0","567","0","1","0","0","0","1"
"255","3","0","0","1","0","0","0","1"
"294","42","0","0","1","0","0","0","1"
"333","81","0","0","1","0","0","0","1"
"372","120","0","0","1","0","0","0","1"
"411","159","0","0","1","0","0","0","1"
"450","198","0","0","1","0","0","0","1"
"489","237","0","0","1","0","0","0","1"
"528","276","0","0","1","0","0","0","1"
"567","315","0","0","1","0","0","0","1"
"351","351","0","0","1","0","0","1","0"
"351","354","0","0","0","1","0","0","1"
"390","393","0","0","0","1","0","0","1"
"429","432","0","0","0","1","0","0","1"
"468","471","0","0","0","1","0","0","1"
"507","510","0","0","0","1","0","0","1"
"546","549","0","0","0","1","0","0","1"
"585","588","0","0","0","1","0","0","1"
"276","0","27","0","0","1","0","0","1"
"315","0","66","0","0","1","0","0","1"
"354","0","105","0","0","1","0","0","1"
"393","0","144","0","0","1","0","0","1"
"432","0","183","0","0","1","0","0","1"
"471","0","222","0","0","1","0","0","1"
"471","0","222","0","0","1","1","0","0"
"510","0","261","0","1","0","0","0","1"
"549","0","300","0","1","0","0","0","1"
"588","0","339","0","1","0","0","0","1"
"0","0","375","0","1","0","0","0","1"
"0","0","414","0","1","0","0","0","1"
"0","0","453","0","1","0","0","0","1"
"0","0","492","0","1","0","0","0","1"
"0","0","531","0","1","0","0","0","1"
"0","0","567","0","1","0","0","0","1"
"6","0","0","0","1","0","0","0","1"
"45","0","0","0","1","0","0","0","1"
"84","0","0","0","1","0","0","0","1"
"123","0","0","0","1","0","0","0","1"
"162","0","0","0","1","0","0","0","1"
"201","0","0","0","1","0","0","0","1"
"240","0","0","0","1","0","0","0","1"
"279","0","0","0","1","0","0","0","1"
"318","0","0","0","1","0","0","0","1"
"354","0","0","0","1","0","0","0","1"
"393","0","0","0","1","0","0","0","1"
"432","0","0","0","1","0","0","0","1"
"471","0","0","0","1","0","0","0","1"
"510","0","0","0","1","0","0","0","1"
"549","0","0","0","1","0","0","0","1"
"588","0","0","0","1","0","0","0","1"
"27","0","0","0","1","0","0","0","1"
"66","0","0","0","1","0","0","0","1"
"105","0","0","0","1","0","0","0","1"
"144","0","0","0","1","0","0","0","1"
"183","0","0","0","1","0","0","0","1"
"222","0","0","0","1","0","0","0","1"
"258","0","0","0","1","0","0","0","1"
"297","0","0","0","1","0","0","0","1"
"336","0","0","0","1","0","0","0","1"
"372","24","0","0","1","0","0","0","1"
"411","63","0","0","1","0","0","0","1"
"450","102","0","0","1","0","0","0","1"
"489","141","0","0","1","0","0","0","1"
"528","180","0","0","1","0","0","0","1"
"567","219","0","0","1","0","0","0","1"
"255","252","0","0","1","0","0","0","1"
"294","291","0","0","1","0","0","0","1"
"312","309","0","0","1","0","0","1","0"
"333","330","0","0","0","1","0","0","1"
"372","369","0","0","0","1","0","0","1"
"411","408","0","0","0","1","0","0","1"
"450","447","0","0","0","1","0","0","1"
"489","486","0","0","0","1","0","0","1"
"528","525","0","0","0","1","0","0","1"
"567","564","0","0","0","1","0","0","1"
"354","6","0","0","0","1","0","0","1"
"393","45","0","0","0","1","0","0","1"
"432","84","0","0","0","1","0","0","1"
"471","123","0","0","0","1","0","0","1"
"510","162","0","0","0","1","0","0","1"
"549","201","0","0","0","1","0","0","1"
"588","240","0","0","0","1","0","0","1"
"276","273","0","0","0","1","0","0","1"
"315","312","0","0","0","1","0","0","1"
"354","351","0","0","0","1","0","0","1"
"393","390","0","0","0","1","0","0","1"
"432","429","0","0","0","1","0","0","1"
"471","468","0","0","0","1","0","0","1"
"510","507","0","0","0","1","0","0","1"
"549","546","0","0","0","1","0","0","1"
"588","585","0","0","0","1","0","0","1"
"375","0","24","0","0","1","0","0","1"
"414","0","63","0","0","1","0","0","1"
"453","0","102","0","0","1","0","0","1"
"492","0","141","0","0","1","0","0","1"
"531","0","180","0","0","1","0","0","1"
"570","0","219","0","0","1","0","0","1"
"0","6","258","0","0","1","0","0","1"
"0","45","297","0","0","1","0","0","1"
"0","54","306","0","0","1","1","0","0"
"0","84","336","0","1","0","0","0","1"
"0","123","375","0","1","0","0","0","1"
"0","162","414","0","1","0","0","0","1"
"0","201","453","0","1","0","0","0","1"
"0","240","492","0","1","0","0","0","1"
"0","279","531","0","1","0","0","0","1"
"0","318","570","0","1","0","0","0","1"
"0","357","6","0","1","0","0","0","1"
"0","366","15","0","1","0","0","1","0"
"0","396","45","0","0","1","0","0","1"
"0","435","84","0","0","1","0","0","1"
"0","474","123","0","0","1","0","0","1"
"0","513","162","0","0","1","0","0","1"
"0","552","201","0","0","1","0","0","1"
"0","591","240","0","0","1","0","0","1"
"30","0","279","0","0","1","0","0","1"
"69","0","318","0","0","1","0","0","1"
"75","0","324","0","0","1","1","0","0"
"108","0","357","0","1","0","0","0","1"
"147","0","396","0","1","0","0","0","1"
"186","0","435","0","1","0","0","0","1"
"225","0","474","0","1","0","0","0","1"
"264","0","513","0","1","0","0","0","1"
"303","0","552","0","1","0","0","0","1"
"342","0","591","0","1","0","0","0","1"
"375","30","0","0","1","0","0","0","1"
"414","69","0","0","1","0","0","0","1"
"453","108","0","0","1","0","0","0","1"
"492","147","0","0","1","0","0","0","1"
"531","186","0","0","1","0","0","0","1"
"570","225","0","0","1","0","0","0","1"
"261","258","0","0","1","0","0","0","1"
"300","297","0","0","1","0","0","0","1"
"318","315","0","0","1","0","0","1","0"
"339","336","0","0","0","1","0","0","1"
"378","375","0","0","0","1","0","0","1"
"417","414","0","0","0","1","0","0","1"
"456","453","0","0","0","1","0","0","1"
"495","492","0","0","0","1","0","0","1"
"534","531","0","0","0","1","0","0","1"
"573","570","0","0","0","1","0","0","1"
"360","0","12","0","0","1","0","0","1"
"399","0","51","0","0","1","0","0","1"
"438","0","90","0","0","1","0","0","1"
"477","0","129","0","0","1","0","0","1"
"486","0","138","0","0","1","1","0","0"
"516","0","168","0","1","0","0","0","1"
"555","0","207","0","1","0","0","0","1"
"594","0","246","0","1","0","0","0","1"
"0","30","282","0","1","0","0","0","1"
"0","69","321","0","1","0","0","0","1"
"0","108","360","0","1","0","0","0","1"
"0","147","399","0","1","0","0","0","1"
"0","186","438","0","1","0","0","0","1"
"0","225","477","0","1","0","0","0","1"
"0","264","516","0","1","0","0","0","1"
"0","303","555","0","1","0","0","0","1"
"0","342","594","0","1","0","0","0","1"
"0","345","597","0","1","0","1","0","0"
"0","381","378","1","0","0","0","0","1"
"0","420","417","1","0","0","0","0","1"
"0","459","456","1","0","0","0","0","1"
"0","498","495","1","0","0","0","0","1"
"0","537","534","1","0","0","0","0","1"
"0","576","573","1","0","0","0","0","1"
"0","261","264","1","0","0","0","0","1"
"0","300","303","1","0","0","0","0","1"
"0","339","342","1","0","0","0","0","1"
"0","378","381","1","0","0","0","0","1"
"0","417","420","1","0","0","0","0","1"
"0","456","459","1","0","0","0","0","1"
"0","495","498","1","0","0","0","0","1"
"0","534","537","1","0","0","0","0","1"
"0","573","576","1","0","0","0","0","1"
"0","0","363","1","0","0","0","0","1"
"0","0","402","1","0","0","0","0","1"
"0","0","441","1","0","0","0","0","1"
"0","0","480","1","0","0","0","0","1"
"0","0","519","1","0","0","0","0","1"
"0","0","558","1","0","0","0","0","1"
"0","0","597","1","0","0","0","0","1"
"0","36","285","1","0","0","0","0","1"
"0","75","324","1","0","0","0","0","1"
"0","114","363","1","0","0","0","0","1"
"0","153","402","1","0","0","0","0","1"
"0","192","441","1","0","0","0","0","1"
"0","231","480","1","0","0","0","0","1"
"0","270","519","1","0","0","0","0","1"
"0","309","558","1","0","0","0","0","1"
"0","348","597","1","0","0","0","0","1"
"0","381","384","1","0","0","0","0","1"
"0","420","423","1","0","0","0","0","1"
"0","459","462","1","0","0","0","0","1"
"0","498","501","1","0","0","0","0","1"
"0","537","540","1","0","0","0","0","1"
"0","576","579","1","0","0","0","0","1"
"0","0","15","1","0","0","0","0","1"
"0","0","54","1","0","0","0","0","1"
"0","0","93","1","0","0","0","0","1"
"0","0","132","1","0","0","0","0","1"
"0","0","171","1","0","0","0","0","1"
"0","0","210","1","0","0","0","0","1"
"0","0","249","1","0","0","0","0","1"
"0","0","288","1","0","0","0","0","1"
"0","0","327","1","0","0","0","0","1"
"0","18","366","1","0","0","0","0","1"
"0","57","405","1","0","0","0","0","1"
"0","96","444","1","0","0","0","0","1"
"0","135","483","1","0","0","0","0","1"
"0","174","522","1","0","0","0","0","1"
"0","213","561","1","0","0","0","0","1"
"0","252","600","1","0","0","0","0","1"
"0","285","288","1","0","0","0","0","1"
"0","324","327","1","0","0","0","0","1"
"0","363","366","1","0","0","0","0","1"
"0","402","405","1","0","0","0","0","1"
"0","441","444","1","0","0","0","0","1"
"0","480","483","1","0","0","0","0","1"
"0","519","522","1","0","0","0","0","1"
"0","558","561","1","0","0","0","0","1"
"0","597","600","1","0","0","0","0","1"
"0","0","36","1","0","0","0","0","1"
"0","0","75","1","0","0","0","0","1"
"0","0","114","1","0","0","0","0","1"
"0","0","153","1","0","0","0","0","1"
"0","0","192","1","0","0","0","0","1"
"0","0","231","1","0","0","0","0","1"
"0","0","270","1","0","0","0","0","1"
"0","0","309","1","0","0","0","0","1"
"0","0","348","1","0","0","0","0","1"
"0","0","387","1","0","0","0","0","1"
"0","0","426","1","0","0","0","0","1"
"0","0","465","1","0","0","0","0","1"
"0","0","504","1","0","0","0","0","1"
"0","0","543","1","0","0","0","0","1"
"0","0","582","1","0","0","0","0","1"
"0","18","366","1","0","0","0","0","1"
"0","57","405","1","0","0","0","0","1"
"0","96","444","1","0","0","0","0","1"
"0","135","483","1","0","0","0","0","1"
"0","174","522","1","0","0","0","0","1"
"0","213","561","1","0","0","0","0","1"
"0","252","600","1","0","0","0","0","1"
"0","288","285","1","0","0","0","0","1"
"0","327","324","1","0","0","0","0","1"
"0","366","363","1","0","0","0","0","1"
"0","405","402","1","0","0","0","0","1"
"0","444","441","1","0","0","0","0","1"
"0","483","480","1","0","0","0","0","1"
"0","522","519","1","0","0","0","0","1"
"0","561","558","1","0","0","0","0","1"
"0","600","597","1","0","0","0","0","1"
"39","384","0","1","0","0","0","0","1"
"78","423","0","1","0","0","0","0","1"
"117","462","0","1","0","0","0","0","1"
"156","501","0","1","0","0","0","0","1"
"195","540","0","1","0","0","0","0","1"
"234","579","0","1","0","0","0","0","1"
"267","270","21","1","0","0","0","0","1"
"279","282","33","1","0","0","0","1","0"
"295","295","45","0","1","0","0","0","1"
"334","334","84","0","1","0","0","0","1"
"373","373","123","0","1","0","0","0","1"
"397","397","147","0","1","0","0","1","0"
"412","412","162","0","0","1","0","0","1"
"451","451","201","0","0","1","0","0","1"
"490","490","240","0","0","1","0","0","1"
"529","529","279","0","0","1","0","0","1"
"568","568","318","0","0","1","0","0","1"
"357","0","357","0","0","1","0","0","1"
"381","0","381","0","0","1","1","0","0"
"396","0","396","0","1","0","0","0","1"
"435","0","435","0","1","0","0","0","1"
"474","0","474","0","1","0","0","0","1"
"513","0","513","0","1","0","0","0","1"
"552","0","552","0","1","0","0","0","1"
"591","0","591","0","1","0","0","0","1"
"0","0","279","0","1","0","0","0","1"
"0","0","318","0","1","0","0","0","1"
"0","0","357","0","1","0","0","0","1"
"0","0","396","0","1","0","0","0","1"
"0","0","435","0","1","0","0","0","1"
"0","0","474","0","1","0","0","0","1"
"0","0","513","0","1","0","0","0","1"
"0","0","552","0","1","0","0","0","1"
"0","0","591","0","1","0","0","0","1"
"30","0","0","0","1","0","0","0","1"
"69","0","0","0","1","0","0","0","1"
"108","0","0","0","1","0","0","0","1"
"147","0","0","0","1","0","0","0","1"
"186","0","0","0","1","0","0","0","1"
"225","0","0","0","1","0","0","0","1"
"261","0","9","0","1","0","0","0","1"
"300","0","48","0","1","0","0","0","1"
"339","0","87","0","1","0","0","0","1"
"378","0","126","0","1","0","0","0","1"
"292","292","42","0","1","0","0","0","1"
"322","322","72","0","1","0","0","1","0"
"331","331","81","0","0","1","0","0","1"
"370","370","120","0","0","1","0","0","1"
"409","409","159","0","0","1","0","0","1"
"448","448","198","0","0","1","0","0","1"
"487","487","237","0","0","1","0","0","1"
"526","526","276","0","0","1","0","0","1"
"565","565","315","0","0","1","0","0","1"
"354","0","354","0","0","1","0","0","1"
"381","0","381","0","0","1","1","0","0"
"393","0","393","0","1","0","0","0","1"
"432","0","432","0","1","0","0","0","1"
"471","0","471","0","1","0","0","0","1"
"510","0","510","0","1","0","0","0","1"
"549","0","549","0","1","0","0","0","1"
"588","0","588","0","1","0","0","0","1"
"27","0","0","0","1","0","0","0","1"
"66","0","0","0","1","0","0","0","1"
"105","0","0","0","1","0","0","0","1"
"144","0","0","0","1","0","0","0","1"
"183","0","0","0","1","0","0","0","1"
"222","0","0","0","1","0","0","0","1"
"261","0","0","0","1","0","0","0","1"
"300","0","0","0","1","0","0","0","1"
"339","0","0","0","1","0","0","0","1"
"375","0","24","0","1","0","0","0","1"
"414","0","63","0","1","0","0","0","1"
"453","0","102","0","1","0","0","0","1"
"492","0","141","0","1","0","0","0","1"
"531","0","180","0","1","0","0","0","1"
"570","0","219","0","1","0","0","0","1"
"6","9","258","0","1","0","0","0","1"
"45","48","297","0","1","0","0","0","1"
"84","87","336","0","1","0","0","0","1"
"123","126","375","0","1","0","0","0","1"
"162","165","414","0","1","0","0","0","1"
"201","204","453","0","1","0","0","0","1"
"240","243","492","0","1","0","0","0","1"
"279","282","531","0","1","0","0","0","1"
"318","321","570","0","1","0","0","0","1"
"357","354","0","0","1","0","0","0","1"
"363","360","0","0","1","0","0","1","0"
"396","393","0","0","0","1","0","0","1"
"435","432","0","0","0","1","0","0","1"
"474","471","0","0","0","1","0","0","1"
"513","510","0","0","0","1","0","0","1"
"552","549","0","0","0","1","0","0","1"
"591","588","0","0","0","1","0","0","1"
"0","0","27","0","0","1","0","0","1"
"0","0","66","0","0","1","0","0","1"
"0","0","105","0","0","1","0","0","1"
"0","0","144","0","0","1","0","0","1"
"0","0","183","0","0","1","0","0","1"
"0","0","222","0","0","1","0","0","1"
"0","0","261","0","0","1","0","0","1"
"0","0","300","0","0","1","0","0","1"
"0","0","339","0","0","1","0","0","1"
"0","0","345","0","0","1","1","0","0"
"0","30","378","0","1","0","0","0","1"
"0","69","417","0","1","0","0","0","1"
"0","108","456","0","1","0","0","0","1"
"0","147","495","0","1","0","0","0","1"
"0","186","534","0","1","0","0","0","1"
"0","225","573","0","1","0","0","0","1"
"0","261","0","0","1","0","0","0","1"
"0","300","0","0","1","0","0","0","1"
"0","339","0","0","1","0","0","0","1"
"0","369","0","0","1","0","0","1","0"
"0","378","0","0","0","1","0","0","1"
"0","417","0","0","0","1","0","0","1"
"0","456","0","0","0","1","0","0","1"
"0","495","0","0","0","1","0","0","1"
"0","534","0","0","0","1","0","0","1"
"0","573","0","0","0","1","0","0","1"
"9","0","0","0","0","1","0","0","1"
"48","0","0","0","0","1","0","0","1"
"87","0","0","0","0","1","0","0","1"
"126","0","0","0","0","1","0","0","1"
"165","0","0","0","0","1","0","0","1"
"204","0","0","0","0","1","0","0","1"
"243","0","0","0","0","1","0","0","1"
"282","0","0","0","0","1","0","0","1"
"321","0","0","0","0","1","0","0","1"
"360","0","0","0","0","1","0","0","1"
"399","0","0","0","0","1","0","0","1"
"438","0","0","0","0","1","0","0","1"
"477","0","0","0","0","1","0","0","1"
"516","0","0","0","0","1","0","0","1"
"555","0","0","0","0","1","0","0","1"
"594","0","0","0","0","1","0","0","1"
"30","33","0","0","0","1","0","0","1"
"69","72","0","0","0","1","0","0","1"
"108","111","0","0","0","1","0","0","1"
"147","150","0","0","0","1","0","0","1"
"186","189","0","0","0","1","0","0","1"
"225","228","0","0","0","1","0","0","1"
"264","261","15","0","0","1","0","0","1"
"295","295","45","0","1","0","0","0","1"
"334","334","84","0","1","0","0","0","1"
"334","334","84","0","1","0","0","1","0"
"373","373","123","0","0","1","0","0","1"
"412","412","162","0","0","1","0","0","1"
"451","451","201","0","0","1","0","0","1"
"490","490","240","0","0","1","0","0","1"
"529","529","279","0","0","1","0","0","1"
"568","568","318","0","0","1","0","0","1"
"357","6","357","0","0","1","0","0","1"
"378","27","378","0","0","1","1","0","0"
"396","45","396","0","1","0","0","0","1"
"435","84","435","0","1","0","0","0","1"
"474","123","474","0","1","0","0","0","1"
"513","162","513","0","1","0","0","0","1"
"552","201","552","0","1","0","0","0","1"
"591","240","591","0","1","0","0","0","1"
"0","279","0","0","1","0","0","0","1"
"0","318","0","0","1","0","0","0","1"
"0","324","0","0","1","0","1","0","0"
"0","357","0","1","0","0","0","0","1"
"0","396","0","1","0","0","0","0","1"
"0","435","0","1","0","0","0","0","1"
"0","474","0","1","0","0","0","0","1"
"0","513","0","1","0","0","0","0","1"
"0","552","0","1","0","0","0","0","1"
"0","591","0","1","0","0","0","0","1"
"27","378","0","1","0","0","0","0","1"
"66","417","0","1","0","0","0","0","1"
"105","456","0","1","0","0","0","0","1"
"144","495","0","1","0","0","0","0","1"
"183","534","0","1","0","0","0","0","1"
"222","573","0","1","0","0","0","0","1"
"261","258","12","1","0","0","0","0","1"
"273","270","24","1","0","0","0","1","0"
"300","297","51","0","1","0","0","0","1"
"330","327","81","0","1","0","0","1","0"
"339","336","90","0","0","1","0","0","1"
"378","375","129","0","0","1","0","0","1"
"417","414","168","0","0","1","0","0","1"
"456","453","207","0","0","1","0","0","1"
"495","492","246","0","0","1","0","0","1"
"534","531","285","0","0","1","0","0","1"
"573","570","324","0","0","1","0","0","1"
"0","12","357","0","0","1","0","0","1"
"0","33","378","0","0","1","1","0","0"
"0","51","396","0","1","0","0","0","1"
"0","90","435","0","1","0","0","0","1"
"0","129","474","0","1","0","0","0","1"
"0","168","513","0","1","0","0","0","1"
"0","207","552","0","1","0","0","0","1"
"0","246","591","0","1","0","0","0","1"
"0","279","282","0","1","0","0","0","1"
"0","282","285","0","1","0","1","0","0"
"0","318","321","1","0","0","0","0","1"
"0","357","360","1","0","0","0","0","1"
"0","396","399","1","0","0","0","0","1"
"0","435","438","1","0","0","0","0","1"
"0","474","477","1","0","0","0","0","1"
"0","513","516","1","0","0","0","0","1"
"0","552","555","1","0","0","0","0","1"
"0","591","594","1","0","0","0","0","1"
"33","381","0","1","0","0","0","0","1"
"72","420","0","1","0","0","0","0","1"
"111","459","0","1","0","0","0","0","1"
"150","498","0","1","0","0","0","0","1"
"189","537","0","1","0","0","0","0","1"
"228","576","0","1","0","0","0","0","1"
"261","15","0","1","0","0","0","0","1"
"282","36","0","1","0","0","0","1","0"
"300","54","0","0","1","0","0","0","1"
"339","93","0","0","1","0","0","0","1"
"378","132","0","0","1","0","0","0","1"
"417","171","0","0","1","0","0","0","1"
"456","210","0","0","1","0","0","0","1"
"495","249","0","0","1","0","0","0","1"
"534","288","0","0","1","0","0","0","1"
"573","327","0","0","1","0","0","0","1"
"0","360","0","0","1","0","0","0","1"
"0","366","0","0","1","0","1","0","0"
"0","399","0","1","0","0","0","0","1"
"0","438","0","1","0","0","0","0","1"
"0","477","0","1","0","0","0","0","1"
"0","516","0","1","0","0","0","0","1"
"0","555","0","1","0","0","0","0","1"
"0","594","0","1","0","0","0","0","1"
"36","285","0","1","0","0","0","0","1"
"75","324","0","1","0","0","0","0","1"
"114","363","0","1","0","0","0","0","1"
"153","402","0","1","0","0","0","0","1"
"192","441","0","1","0","0","0","0","1"
"231","480","0","1","0","0","0","0","1"
"270","519","0","1","0","0","0","0","1"
"309","558","0","1","0","0","0","0","1"
"348","597","0","1","0","0","0","0","1"
"360","363","0","1","0","0","0","1","0"
"381","384","0","0","1","0","0","0","1"
"384","387","0","0","1","0","0","1","0"
"420","423","0","0","0","1","0","0","1"
"459","462","0","0","0","1","0","0","1"
"498","501","0","0","0","1","0","0","1"
"537","540","0","0","0","1","0","0","1"
"576","579","0","0","0","1","0","0","1"
"264","15","0","0","0","1","0","0","1"
"303","54","0","0","0","1","0","0","1"
"342","93","0","0","0","1","0","0","1"
"381","132","0","0","0","1","0","0","1"
"420","171","0","0","0","1","0","0","1"
"459","210","0","0","0","1","0","0","1"
"498","249","0","0","0","1","0","0","1"
"537","288","0","0","0","1","0","0","1"
"576","327","0","0","0","1","0","0","1"
"363","366","0","0","0","1","0","0","1"
"402","405","0","0","0","1","0","0","1"
"441","444","0","0","0","1","0","0","1"
"480","483","0","0","0","1","0","0","1"
"519","522","0","0","0","1","0","0","1"
"558","561","0","0","0","1","0","0","1"
"597","600","0","0","0","1","0","0","1"
"36","288","0","0","0","1","0","0","1"
"75","327","0","0","0","1","0","0","1"
"114","366","0","0","0","1","0","0","1"
"153","405","0","0","0","1","0","0","1"
"192","444","0","0","0","1","0","0","1"
"231","483","0","0","0","1","0","0","1"
"270","522","0","0","0","1","0","0","1"
"309","561","0","0","0","1","0","0","1"
"348","600","0","0","0","1","0","0","1"
"387","384","39","0","0","1","0","0","1"
"426","423","78","0","0","1","0","0","1"
"465","462","117","0","0","1","0","0","1"
"504","501","156","0","0","1","0","0","1"
"543","540","195","0","0","1","0","0","1"
"582","579","234","0","0","1","0","0","1"
"21","270","267","0","0","1","0","0","1"
"33","282","279","0","0","1","1","0","0"
"60","309","306","0","1","0","0","0","1"
"69","318","315","0","1","0","1","0","0"
"99","348","345","1","0","0","0","0","1"
"138","387","384","1","0","0","0","0","1"
"177","426","423","1","0","0","0","0","1"
"216","465","462","1","0","0","0","0","1"
"255","504","501","1","0","0","0","0","1"
"294","543","540","1","0","0","0","0","1"
"333","582","579","1","0","0","0","0","1"
"366","15","0","1","0","0","0","1","0"
"369","18","0","0","1","0","0","0","1"
"408","57","0","0","1","0","0","0","1"
"447","96","0","0","1","0","0","0","1"
"486","135","0","0","1","0","0","0","1"
"525","174","0","0","1","0","0","0","1"
"564","213","0","0","1","0","0","0","1"
"600","252","0","0","1","0","0","0","1"
"0","291","0","0","1","0","0","0","1"
"0","303","0","0","1","0","0","1","0"
"0","330","0","0","0","1","0","0","1"
"0","369","0","0","0","1","0","0","1"
"0","408","0","0","0","1","0","0","1"
"0","447","0","0","0","1","0","0","1"
"0","486","0","0","0","1","0","0","1"
"0","525","0","0","0","1","0","0","1"
"0","564","0","0","0","1","0","0","1"
"0","3","0","0","0","1","0","0","1"
"0","42","0","0","0","1","0","0","1"
"0","81","0","0","0","1","0","0","1"
"0","120","0","0","0","1","0","0","1"
"0","159","0","0","0","1","0","0","1"
"0","198","0","0","0","1","0","0","1"
"0","237","0","0","0","1","0","0","1"
"24","273","0","0","0","1","0","0","1"
"63","312","0","0","0","1","0","0","1"
"102","351","0","0","0","1","0","0","1"
"141","390","0","0","0","1","0","0","1"
"180","429","0","0","0","1","0","0","1"
"219","468","0","0","0","1","0","0","1"
"258","507","0","0","0","1","0","0","1"
"297","546","0","0","0","1","0","0","1"
"336","585","0","0","0","1","0","0","1"
"372","0","0","0","0","1","0","0","1"
"411","0","0","0","0","1","0","0","1"
"450","0","0","0","0","1","0","0","1"
"489","0","0","0","0","1","0","0","1"
"528","0","0","0","0","1","0","0","1"
"567","0","0","0","0","1","0","0","1"
"252","0","6","0","0","1","0","0","1"
"291","0","45","0","0","1","0","0","1"
"330","0","84","0","0","1","0","0","1"
"369","0","123","0","0","1","0","0","1"
"408","0","162","0","0","1","0","0","1"
"447","0","201","0","0","1","0","0","1"
"486","0","240","0","0","1","0","0","1"
"525","0","279","0","0","1","0","0","1"
"528","0","282","0","0","1","1","0","0"
"564","0","318","0","1","0","0","0","1"
"354","0","351","0","1","0","0","0","1"
"393","0","390","0","1","0","0","0","1"
"432","0","429","0","1","0","0","0","1"
"471","0","468","0","1","0","0","0","1"
"510","0","507","0","1","0","0","0","1"
"549","0","546","0","1","0","0","0","1"
"588","0","585","0","1","0","0","0","1"
"273","0","27","0","1","0","0","0","1"
"312","0","66","0","1","0","0","0","1"
"351","0","105","0","1","0","0","0","1"
"390","0","144","0","1","0","0","0","1"
"429","0","183","0","1","0","0","0","1"
"468","0","222","0","1","0","0","0","1"
"507","0","261","0","1","0","0","0","1"
"546","0","300","0","1","0","0","0","1"
"585","0","339","0","1","0","0","0","1"
"0","0","375","0","1","0","0","0","1"
"0","0","414","0","1","0","0","0","1"
"0","0","453","0","1","0","0","0","1"
"0","0","492","0","1","0","0","0","1"
"0","0","531","0","1","0","0","0","1"
"0","0","570","0","1","0","0","0","1"
"6","9","255","0","1","0","0","0","1"
"45","48","294","0","1","0","0","0","1"
"84","87","333","0","1","0","0","0","1"
"123","126","372","0","1","0","0","0","1"
"162","165","411","0","1","0","0","0","1"
"201","204","450","0","1","0","0","0","1"
"240","243","489","0","1","0","0","0","1"
"279","282","528","0","1","0","0","0","1"
"318","321","567","0","1","0","0","0","1"
"357","354","9","0","1","0","0","0","1"
"387","384","39","0","1","0","0","1","0"
"396","393","48","0","0","1","0","0","1"
"435","432","87","0","0","1","0","0","1"
"471","468","123","0","0","1","0","0","1"
"510","507","162","0","0","1","0","0","1"
"549","546","201","0","0","1","0","0","1"
"588","585","240","0","0","1","0","0","1"
"276","24","273","0","0","1","0","0","1"
"291","39","288","0","0","1","1","0","0"
"315","63","312","0","1","0","0","0","1"
"354","102","351","0","1","0","0","0","1"
"393","141","390","0","1","0","0","0","1"
"432","180","429","0","1","0","0","0","1"
"471","219","468","0","1","0","0","0","1"
"510","258","507","0","1","0","0","0","1"
"549","297","546","0","1","0","0","0","1"
"588","336","585","0","1","0","0","0","1"
"12","360","357","0","1","0","1","0","0"
"27","375","372","1","0","0","0","0","1"
"66","414","411","1","0","0","0","0","1"
"105","453","450","1","0","0","0","0","1"
"144","492","489","1","0","0","0","0","1"
"183","531","528","1","0","0","0","0","1"
"222","570","567","1","0","0","0","0","1"
"258","9","0","1","0","0","0","0","1"
"288","39","0","1","0","0","0","1","0"
"297","48","0","0","1","0","0","0","1"
"336","87","0","0","1","0","0","0","1"
"375","126","0","0","1","0","0","0","1"
"414","165","0","0","1","0","0","0","1"
"453","204","0","0","1","0","0","0","1"
"492","243","0","0","1","0","0","0","1"
"531","282","0","0","1","0","0","0","1"
"570","321","0","0","1","0","0","0","1"
"0","357","0","0","1","0","0","0","1"
"0","372","0","0","1","0","1","0","0"
"0","396","0","1","0","0","0","0","1"
"0","435","0","1","0","0","0","0","1"
"0","474","0","1","0","0","0","0","1"
"0","513","0","1","0","0","0","0","1"
"0","552","0","1","0","0","0","0","1"
"0","591","0","1","0","0","0","0","1"
"30","279","0","1","0","0","0","0","1"
"69","318","0","1","0","0","0","0","1"
"108","357","0","1","0","0","0","0","1"
"147","396","0","1","0","0","0","0","1"
"186","435","0","1","0","0","0","0","1"
"225","474","0","1","0","0","0","0","1"
"264","513","0","1","0","0","0","0","1"
"303","552","0","1","0","0","0","0","1"
"342","591","0","1","0","0","0","0","1"
"360","363","15","1","0","0","0","1","0"
"375","378","30","0","1","0","0","0","1"
"384","387","39","0","1","0","0","1","0"
"414","417","69","0","0","1","0","0","1"
"453","456","108","0","0","1","0","0","1"
"492","495","147","0","0","1","0","0","1"
"531","534","186","0","0","1","0","0","1"
"570","573","225","0","0","1","0","0","1"
"0","12","258","0","0","1","0","0","1"
"295","295","45","0","1","0","0","0","1"
"334","334","84","0","1","0","0","0","1"
"373","373","123","0","1","0","0","0","1"
"373","373","123","0","1","0","0","1","0"
"412","412","162","0","0","1","0","0","1"
"451","451","201","0","0","1","0","0","1"
"490","490","240","0","0","1","0","0","1"
"529","529","279","0","0","1","0","0","1"
"568","568","318","0","0","1","0","0","1"
"357","0","357","0","0","1","0","0","1"
"387","0","387","0","0","1","1","0","0"
"396","0","396","0","1","0","0","0","1"
"435","0","435","0","1","0","0","0","1"
"474","0","474","0","1","0","0","0","1"
"513","0","513","0","1","0","0","0","1"
"552","0","552","0","1","0","0","0","1"
"591","0","591","0","1","0","0","0","1"
"27","30","279","0","1","0","0","0","1"
"66","69","318","0","1","0","0","0","1"
"105","108","357","0","1","0","0","0","1"
"144","147","396","0","1","0","0","0","1"
"183","186","435","0","1","0","0","0","1"
"222","225","474","0","1","0","0","0","1"
"261","264","513","0","1","0","0","0","1"
"300","303","552","0","1","0","0","0","1"
"339","342","591","0","1","0","0","0","1"
"378","375","27","0","1","0","0","0","1"
"381","378","30","0","1","0","0","1","0"
"417","414","66","0","0","1","0","0","1"
"456","453","105","0","0","1","0","0","1"
"495","492","144","0","0","1","0","0","1"
"534","531","183","0","0","1","0","0","1"
"573","570","222","0","0","1","0","0","1"
"12","9","261","0","0","1","0","0","1"
"51","48","300","0","0","1","0","0","1"
"63","60","312","0","0","1","1","0","0"
"90","87","339","0","1","0","0","0","1"
"129","126","378","0","1","0","0","0","1"
"168","165","417","0","1","0","0","0","1"
"207","204","456","0","1","0","0","0","1"
"246","243","495","0","1","0","0","0","1"
"285","282","534","0","1","0","0","0","1"
"324","321","573","0","1","0","0","0","1"
"357","360","0","0","1","0","0","0","1"
"381","384","0","0","1","0","0","1","0"
"396","399","0","0","0","1","0","0","1"
"435","438","0","0","0","1","0","0","1"
"474","477","0","0","0","1","0","0","1"
"513","516","0","0","0","1","0","0","1"
"552","555","0","0","0","1","0","0","1"
"591","594","0","0","0","1","0","0","1"
"33","282","0","0","0","1","0","0","1"
"72","321","0","0","0","1","0","0","1"
"111","360","0","0","0","1","0","0","1"
"150","399","0","0","0","1","0","0","1"
"189","438","0","0","0","1","0","0","1"
"228","477","0","0","0","1","0","0","1"
"267","516","0","0","0","1","0","0","1"
"306","555","0","0","0","1","0","0","1"
"345","594","0","0","0","1","0","0","1"
"378","33","0","0","0","1","0","0","1"
"417","72","0","0","0","1","0","0","1"
"456","111","0","0","0","1","0","0","1"
"495","150","0","0","0","1","0","0","1"
"534","189","0","0","0","1","0","0","1"
"573","228","0","0","0","1","0","0","1"
"15","261","0","0","0","1","0","0","1"
"54","300","0","0","0","1","0","0","1"
"93","339","0","0","0","1","0","0","1"
"132","378","0","0","0","1","0","0","1"
"171","417","0","0","0","1","0","0","1"
"210","456","0","0","0","1","0","0","1"
"249","495","0","0","0","1","0","0","1"
"288","534","0","0","0","1","0","0","1"
"327","573","0","0","0","1","0","0","1"
"363","15","12","0","0","1","0","0","1"
"402","54","51","0","0","1","0","0","1"
"441","93","90","0","0","1","0","0","1"
"480","132","129","0","0","1","0","0","1"
"519","171","168","0","0","1","0","0","1"
"558","210","207","0","0","1","0","0","1"
"597","249","246","0","0","1","0","0","1"
"27","273","276","0","0","1","1","0","0"
"36","282","285","0","1","0","0","0","1"
"72","318","321","0","1","0","1","0","0"
"75","321","324","1","0","0","0","0","1"
"114","360","363","1","0","0","0","0","1"
"153","399","402","1","0","0","0","0","1"
"192","438","441","1","0","0","0","0","1"
"231","477","480","1","0","0","0","0","1"
"270","516","519","1","0","0","0","0","1"
"309","555","558","1","0","0","0","0","1"
"345","591","594","1","0","0","0","0","1"
"366","369","0","1","0","0","0","1","0"
"378","381","0","0","1","0","0","0","1"
"396","399","0","0","1","0","0","1","0"
"417","420","0","0","0","1","0","0","1"
"456","459","0","0","0","1","0","0","1"
"495","498","0","0","0","1","0","0","1"
"534","537","0","0","0","1","0","0","1"
"573","576","0","0","0","1","0","0","1"
"264","0","0","0","0","1","0","0","1"
"303","0","0","0","0","1","0","0","1"
"342","0","0","0","0","1","0","0","1"
"381","0","0","0","0","1","0","0","1"
"420","0","0","0","0","1","0","0","1"
"459","0","0","0","0","1","0","0","1"
"498","0","0","0","0","1","0","0","1"
"537","0","0","0","0","1","0","0","1"
"576","0","0","0","0","1","0","0","1"
"12","15","0","0","0","1","0","0","1"
"51","54","0","0","0","1","0","0","1"
"90","93","0","0","0","1","0","0","1"
"129","132","0","0","0","1","0","0","1"
"168","171","0","0","0","1","0","0","1"
"207","210","0","0","0","1","0","0","1"
"246","249","0","0","0","1","0","0","1"
"285","282","0","0","0","1","0","0","1"
"324","321","0","0","0","1","0","0","1"
"363","360","0","0","0","1","0","0","1"
"402","399","0","0","0","1","0","0","1"
"441","438","0","0","0","1","0","0","1"
"480","477","0","0","0","1","0","0","1"
"519","516","0","0","0","1","0","0","1"
"558","555","0","0","0","1","0","0","1"
"597","594","0","0","0","1","0","0","1"
"384","0","0","0","0","1","0","0","1"
"423","0","0","0","0","1","0","0","1"
"462","0","0","0","0","1","0","0","1"
"501","0","0","0","0","1","0","0","1"
"540","0","0","0","0","1","0","0","1"
"579","0","0","0","0","1","0","0","1"
"267","0","0","0","0","1","0","0","1"
"306","0","0","0","0","1","0","0","1"
"345","0","0","0","0","1","0","0","1"
"384","0","0","0","0","1","0","0","1"
"423","0","0","0","0","1","0","0","1"
"462","0","0","0","0","1","0","0","1"
"501","0","0","0","0","1","0","0","1"
"540","0","0","0","0","1","0","0","1"
"579","0","0","0","0","1","0","0","1"
"366","15","0","0","0","1","0","0","1"
"405","54","0","0","0","1","0","0","1"
"444","93","0","0","0","1","0","0","1"
"483","132","0","0","0","1","0","0","1"
"522","171","0","0","0","1","0","0","1"
"561","210","0","0","0","1","0","0","1"
"600","249","0","0","0","1","0","0","1"
"39","288","0","0","0","1","0","0","1"
"78","327","0","0","0","1","0","0","1"
"117","366","0","0","0","1","0","0","1"
"156","405","0","0","0","1","0","0","1"
"195","444","0","0","0","1","0","0","1"
"234","483","0","0","0","1","0","0","1"
"273","522","0","0","0","1","0","0","1"
"312","561","0","0","0","1","0","0","1"
"351","600","0","0","0","1","0","0","1"
"384","0","39","0","0","1","0","0","1"
"423","0","78","0","0","1","0","0","1"
"462","0","117","0","0","1","0","0","1"
"501","0","156","0","0","1","0","0","1"
"540","0","195","0","0","1","0","0","1"
"579","0","234","0","0","1","0","0","1"
"21","0","267","0","0","1","0","0","1"
"42","0","288","0","0","1","1","0","0"
"60","0","306","0","1","0","0","0","1"
"99","0","345","0","1","0","0","0","1"
"138","0","384","0","1","0","0","0","1"
"177","0","423","0","1","0","0","0","1"
"216","0","462","0","1","0","0","0","1"
"255","0","501","0","1","0","0","0","1"
"294","0","540","0","1","0","0","0","1"
"333","0","579","0","1","0","0","0","1"
"366","0","0","0","1","0","0","0","1"
"405","0","0","0","1","0","0","0","1"
"444","0","0","0","1","0","0","0","1"
"483","0","0","0","1","0","0","0","1"
"522","0","0","0","1","0","0","0","1"
"561","0","0","0","1","0","0","0","1"
"600","0","0","0","1","0","0","0","1"
"291","39","0","0","1","0","0","0","1"
"330","78","0","0","1","0","0","0","1"
"369","117","0","0","1","0","0","0","1"
"408","156","0","0","1","0","0","0","1"
"447","195","0","0","1","0","0","0","1"
"486","234","0","0","1","0","0","0","1"
"525","273","0","0","1","0","0","0","1"
"564","312","0","0","1","0","0","0","1"
"597","345","0","0","1","0","0","1","0"
"600","351","0","0","0","1","0","0","1"
"42","390","0","0","0","1","0","0","1"
"81","429","0","0","0","1","0","0","1"
"120","468","0","0","0","1","0","0","1"
"159","507","0","0","0","1","0","0","1"
"198","546","0","0","0","1","0","0","1"
"237","585","0","0","0","1","0","0","1"
"270","273","0","0","0","1","0","0","1"
"309","312","0","0","0","1","0","0","1"
"348","351","0","0","0","1","0","0","1"
"387","390","0","0","0","1","0","0","1"
"426","429","0","0","0","1","0","0","1"
"465","468","0","0","0","1","0","0","1"
"504","507","0","0","0","1","0","0","1"
"543","546","0","0","0","1","0","0","1"
"582","585","0","0","0","1","0","0","1"
"0","0","24","0","0","1","0","0","1"
"0","0","63","0","0","1","0","0","1"
"0","0","102","0","0","1","0","0","1"
"0","0","126","0","0","1","1","0","0"
"0","0","141","0","1","0","0","0","1"
"0","0","180","0","1","0","0","0","1"
"0","0","219","0","1","0","0","0","1"
"0","3","255","0","1","0","0","0","1"
"0","42","294","0","1","0","0","0","1"
"0","81","333","0","1","0","0","0","1"
"0","120","372","0","1","0","0","0","1"
"0","159","411","0","1","0","0","0","1"
"0","198","450","0","1","0","0","0","1"
"0","237","489","0","1","0","0","0","1"
"0","276","528","0","1","0","0","0","1"
"0","291","543","0","1","0","1","0","0"
"0","315","567","1","0","0","0","0","1"
"0","354","351","1","0","0","0","0","1"
"0","393","390","1","0","0","0","0","1"
"0","432","429","1","0","0","0","0","1"
"0","471","468","1","0","0","0","0","1"
"0","510","507","1","0","0","0","0","1"
"0","549","546","1","0","0","0","0","1"
"0","588","585","1","0","0","0","0","1"
"0","24","276","1","0","0","0","0","1"
"0","63","315","1","0","0","0","0","1"
"0","102","354","1","0","0","0","0","1"
"0","141","393","1","0","0","0","0","1"
"0","180","432","1","0","0","0","0","1"
"0","219","471","1","0","0","0","0","1"
"0","258","510","1","0","0","0","0","1"
"0","297","549","1","0","0","0","0","1"
"0","336","588","1","0","0","0","0","1"
"24","375","27","1","0","0","0","0","1"
"63","414","66","1","0","0","0","0","1"
"102","453","105","1","0","0","0","0","1"
"141","492","144","1","0","0","0","0","1"
"180","531","183","1","0","0","0","0","1"
"219","570","222","1","0","0","0","0","1"
"258","0","255","1","0","0","0","0","1"
"291","0","288","1","0","0","0","1","0"
"297","0","294","0","1","0","0","0","1"
"336","0","333","0","1","0","0","0","1"
"375","0","372","0","1","0","0","0","1"
"414","0","411","0","1","0","0","0","1"
"453","0","450","0","1","0","0","0","1"
"492","0","489","0","1","0","0","0","1"
"531","0","528","0","1","0","0","0","1"
"570","0","567","0","1","0","0","0","1"
"9","0","6","0","1","0","0","0","1"
"48","0","45","0","1","0","0","0","1"
"87","0","84","0","1","0","0","0","1"
"126","0","123","0","1","0","0","0","1"
"165","0","162","0","1","0","0","0","1"
"204","0","201","0","1","0","0","0","1"
"243","0","240","0","1","0","0","0","1"
"276","30","279","0","1","0","0","0","1"
"315","69","318","0","1","0","0","0","1"
"354","108","357","0","1","0","0","0","1"
"393","147","396","0","1","0","0","0","1"
"432","186","435","0","1","0","0","0","1"
"471","225","474","0","1","0","0","0","1"
"510","264","513","0","1","0","0","0","1"
"549","303","552","0","1","0","0","0","1"
"588","342","591","0","1","0","0","0","1"
"18","363","366","0","1","0","1","0","0"
"30","375","378","1","0","0","0","0","1"
"69","414","417","1","0","0","0","0","1"
"108","453","456","1","0","0","0","0","1"
"147","492","495","1","0","0","0","0","1"
"186","531","534","1","0","0","0","0","1"
"225","570","573","1","0","0","0","0","1"
"258","261","12","1","0","0","0","0","1"
"270","273","24","1","0","0","0","1","0"
"297","300","51","0","1","0","0","0","1"
"321","324","75","0","1","0","0","1","0"
"336","339","90","0","0","1","0","0","1"
"375","378","129","0","0","1","0","0","1"
"414","417","168","0","0","1","0","0","1"
"453","456","207","0","0","1","0","0","1"
"492","495","246","0","0","1","0","0","1"
"531","534","285","0","0","1","0","0","1"
"570","573","324","0","0","1","0","0","1"
"360","0","357","0","0","1","0","0","1"
"369","0","366","0","0","1","1","0","0"
"399","0","396","0","1","0","0","0","1"
"438","0","435","0","1","0","0","0","1"
"477","0","474","0","1","0","0","0","1"
"516","0","513","0","1","0","0","0","1"
"555","0","552","0","1","0","0","0","1"
"594","0","591","0","1","0","0","0","1"
"0","0","279","0","1","0","0","0","1"
"0","0","318","0","1","0","0","0","1"
"0","0","357","0","1","0","0","0","1"
"0","0","396","0","1","0","0","0","1"
"0","0","435","0","1","0","0","0","1"
"0","0","474","0","1","0","0","0","1"
"0","0","513","0","1","0","0","0","1"
"0","0","552","0","1","0","0","0","1"
"0","0","591","0","1","0","0","0","1"
"0","0","30","0","1","0","0","0","1"
"0","0","69","0","1","0","0","0","1"
"0","0","108","0","1","0","0","0","1"
"0","0","147","0","1","0","0","0","1"
"0","0","186","0","1","0","0","0","1"
"0","0","225","0","1","0","0","0","1"
"0","15","264","0","1","0","0","0","1"
"0","54","303","0","1","0","0","0","1"
"0","93","342","0","1","0","0","0","1"
"0","132","381","0","1","0","0","0","1"
"0","171","420","0","1","0","0","0","1"
"0","210","459","0","1","0","0","0","1"
"0","249","498","0","1","0","0","0","1"
"0","288","537","0","1","0","0","0","1"
"0","327","576","0","1","0","0","0","1"
"15","363","0","0","1","0","0","0","1"
"24","372","0","0","1","0","0","1","0"
"54","402","0","0","0","1","0","0","1"
"93","441","0","0","0","1","0","0","1"
"132","480","0","0","0","1","0","0","1"
"171","519","0","0","0","1","0","0","1"
"210","558","0","0","0","1","0","0","1"
"249","597","0","0","0","1","0","0","1"
"282","0","33","0","0","1","0","0","1"
"321","0","72","0","0","1","0","0","1"
"330","0","81","0","0","1","1","0","0"
"360","0","111","0","1","0","0","0","1"
"399","0","150","0","1","0","0","0","1"
"438","0","189","0","1","0","0","0","1"
"477","0","228","0","1","0","0","0","1"
"516","0","267","0","1","0","0","0","1"
"555","0","306","0","1","0","0","0","1"
"594","0","345","0","1","0","0","0","1"
"0","36","384","0","1","0","0","0","1"
"0","75","423","0","1","0","0","0","1"
"0","114","462","0","1","0","0","0","1"
"0","153","501","0","1","0","0","0","1"
"0","192","540","0","1","0","0","0","1"
"0","231","579","0","1","0","0","0","1"
"15","267","18","0","1","0","0","0","1"
"39","291","42","0","1","0","0","1","0"
"54","306","57","0","0","1","0","0","1"
"93","345","96","0","0","1","0","0","1"
"132","384","135","0","0","1","0","0","1"
"171","423","174","0","0","1","0","0","1"
"210","462","213","0","0","1","0","0","1"
"249","501","252","0","0","1","0","0","1"
"288","540","291","0","0","1","0","0","1"
"327","579","330","0","0","1","0","0","1"
"366","0","363","0","0","1","0","0","1"
"369","0","366","0","0","1","1","0","0"
"405","0","402","0","1","0","0","0","1"
"444","0","441","0","1","0","0","0","1"
"483","0","480","0","1","0","0","0","1"
"522","0","519","0","1","0","0","0","1"
"561","0","558","0","1","0","0","0","1"
"600","0","597","0","1","0","0","0","1"
"285","39","0","0","1","0","0","0","1"
"324","78","0","0","1","0","0","0","1"
"363","117","0","0","1","0","0","0","1"
"402","156","0","0","1","0","0","0","1"
"441","195","0","0","1","0","0","0","1"
"480","234","0","0","1","0","0","0","1"
"519","273","0","0","1","0","0","0","1"
"558","312","0","0","1","0","0","0","1"
"597","351","0","0","1","0","0","0","1"
"9","357","6","0","1","0","0","1","0"
"39","387","36","0","0","1","0","0","1"
"78","426","75","0","0","1","0","0","1"
"117","465","114","0","0","1","0","0","1"
"156","504","153","0","0","1","0","0","1"
"195","543","192","0","0","1","0","0","1"
"234","582","231","0","0","1","0","0","1"
"267","0","270","0","0","1","0","0","1"
"300","0","303","0","0","1","1","0","0"
"306","0","309","0","1","0","0","0","1"
"345","0","348","0","1","0","0","0","1"
"384","0","387","0","1","0","0","0","1"
"423","0","426","0","1","0","0","0","1"
"462","0","465","0","1","0","0","0","1"
"501","0","504","0","1","0","0","0","1"
"540","0","543","0","1","0","0","0","1"
"579","0","582","0","1","0","0","0","1"
"369","0","18","0","1","0","0","0","1"
"408","0","57","0","1","0","0","0","1"
"447","0","96","0","1","0","0","0","1"
"486","0","135","0","1","0","0","0","1"
"525","0","174","0","1","0","0","0","1"
"564","0","213","0","1","0","0","0","1"
"252","3","252","0","1","0","0","0","1"
"288","42","291","0","1","0","0","0","1"
"327","81","330","0","1","0","0","0","1"
"366","120","369","0","1","0","0","0","1"
"405","159","408","0","1","0","0","0","1"
"444","198","447","0","1","0","0","0","1"
"483","237","486","0","1","0","0","0","1"
"522","276","525","0","1","0","0","0","1"
"561","315","564","0","1","0","0","0","1"
"600","351","0","0","1","0","0","0","1"
"381","378","0","0","1","0","0","1","0"
"390","387","0","0","0","1","0","0","1"
"429","426","0","0","0","1","0","0","1"
"468","465","0","0","0","1","0","0","1"
"507","504","0","0","0","1","0","0","1"
"546","543","0","0","0","1","0","0","1"
"582","579","0","0","0","1","0","0","1"
"0","267","0","0","0","1","0","0","1"
"0","306","0","0","0","1","0","0","1"
"0","345","0","0","0","1","0","0","1"
"0","384","0","0","0","1","0","0","1"
"0","423","0","0","0","1","0","0","1"
"0","462","0","0","0","1","0","0","1"
"0","501","0","0","0","1","0","0","1"
"0","540","0","0","0","1","0","0","1"
"0","579","0","0","0","1","0","0","1"
"21","18","0","0","0","1","0","0","1"
"60","57","0","0","0","1","0","0","1"
"99","96","0","0","0","1","0","0","1"
"138","135","0","0","0","1","0","0","1"
"177","174","0","0","0","1","0","0","1"
"216","213","0","0","0","1","0","0","1"
"252","252","0","0","0","1","0","0","1"
"288","291","0","0","0","1","0","0","1"
"327","330","0","0","0","1","0","0","1"
"366","369","0","0","0","1","0","0","1"
"405","408","0","0","0","1","0","0","1"
"444","447","0","0","0","1","0","0","1"
"483","486","0","0","0","1","0","0","1"
"522","525","0","0","0","1","0","0","1"
"561","564","0","0","0","1","0","0","1"
"600","0","3","0","0","1","0","0","1"
"390","0","42","0","0","1","0","0","1"
"429","0","81","0","0","1","0","0","1"
"468","0","120","0","0","1","0","0","1"
"507","0","159","0","0","1","0","0","1"
"546","0","198","0","0","1","0","0","1"
"585","0","237","0","0","1","0","0","1"
"21","24","273","0","0","1","0","0","1"
"60","63","312","0","0","1","0","0","1"
"60","63","312","0","0","1","1","0","0"
"99","102","351","0","1","0","0","0","1"
"138","141","390","0","1","0","0","0","1"
"177","180","429","0","1","0","0","0","1"
"216","219","468","0","1","0","0","0","1"
"255","258","507","0","1","0","0","0","1"
"294","297","546","0","1","0","0","0","1"
"333","336","585","0","1","0","0","0","1"
"372","369","0","0","1","0","0","0","1"
"390","387","0","0","1","0","0","1","0"
"411","408","0","0","0","1","0","0","1"
"450","447","0","0","0","1","0","0","1"
"489","486","0","0","0","1","0","0","1"
"528","525","0","0","0","1","0","0","1"
"567","564","0","0","0","1","0","0","1"
"255","252","0","0","0","1","0","0","1"
"294","291","0","0","0","1","0","0","1"
"333","330","0","0","0","1","0","0","1"
"372","369","0","0","0","1","0","0","1"
"411","408","0","0","0","1","0","0","1"
"450","447","0","0","0","1","0","0","1"
"489","486","0","0","0","1","0","0","1"
"528","525","0","0","0","1","0","0","1"
"567","564","0","0","0","1","0","0","1"
"354","351","0","0","0","1","0","0","1"
"393","390","0","0","0","1","0","0","1"
"432","429","0","0","0","1","0","0","1"
"471","468","0","0","0","1","0","0","1"
"510","507","0","0","0","1","0","0","1"
"549","546","0","0","0","1","0","0","1"
"588","585","0","0","0","1","0","0","1"
"24","273","27","0","0","1","0","0","1"
"63","312","66","0","0","1","0","0","1"
"102","351","105","0","0","1","0","0","1"
"141","390","144","0","0","1","0","0","1"
"180","429","183","0","0","1","0","0","1"
"219","468","222","0","0","1","0","0","1"
"258","507","261","0","0","1","0","0","1"
"297","546","300","0","0","1","0","0","1"
"336","585","339","0","0","1","0","0","1"
"375","0","372","0","0","1","0","0","1"
"375","0","372","0","0","1","1","0","0"
"414","0","411","0","1","0","0","0","1"
"453","0","450","0","1","0","0","0","1"
"492","0","489","0","1","0","0","0","1"
"531","0","528","0","1","0","0","0","1"
"570","0","567","0","1","0","0","0","1"
"258","0","9","0","1","0","0","0","1"
"297","0","48","0","1","0","0","0","1"
"336","0","87","0","1","0","0","0","1"
"375","0","126","0","1","0","0","0","1"
"414","0","165","0","1","0","0","0","1"
"453","0","204","0","1","0","0","0","1"
"492","0","243","0","1","0","0","0","1"
"531","0","282","0","1","0","0","0","1"
"570","0","321","0","1","0","0","0","1"
"0","0","357","0","1","0","0","0","1"
"0","0","396","0","1","0","0","0","1"
"0","0","435","0","1","0","0","0","1"
"0","0","474","0","1","0","0","0","1"
"0","0","513","0","1","0","0","0","1"
"0","0","552","0","1","0","0","0","1"
"0","0","591","0","1","0","0","0","1"
"27","0","279","0","1","0","0","0","1"
"66","0","318","0","1","0","0","0","1"
"105","0","357","0","1","0","0","0","1"
"144","0","396","0","1","0","0","0","1"
"183","0","435","0","1","0","0","0","1"
"222","0","474","0","1","0","0","0","1"
"261","0","513","0","1","0","0","0","1"
"300","0","552","0","1","0","0","0","1"
"339","0","591","0","1","0","0","0","1"
"378","30","375","0","1","0","0","0","1"
"417","69","414","0","1","0","0","0","1"
"456","108","453","0","1","0","0","0","1"
"495","147","492","0","1","0","0","0","1"
"534","186","531","0","1","0","0","0","1"
"573","225","570","0","1","0","0","0","1"
"9","258","0","0","1","0","0","0","1"
"48","297","0","0","1","0","0","0","1"
"87","336","0","0","1","0","0","0","1"
"93","342","0","0","1","0","0","1","0"
"126","375","0","0","0","1","0","0","1"
"165","414","0","0","0","1","0","0","1"
"204","453","0","0","0","1","0","0","1"
"243","492","0","0","0","1","0","0","1"
"282","531","0","0","0","1","0","0","1"
"321","570","0","0","0","1","0","0","1"
"360","0","9","0","0","1","0","0","1"
"399","0","48","0","0","1","0","0","1"
"411","0","60","0","0","1","1","0","0"
"438","0","87","0","1","0","0","0","1"
"477","0","126","0","1","0","0","0","1"
"516","0","165","0","1","0","0","0","1"
"555","0","204","0","1","0","0","0","1"
"594","0","243","0","1","0","0","0","1"
"279","30","282","0","1","0","0","0","1"
"318","69","321","0","1","0","0","0","1"
"357","108","360","0","1","0","0","0","1"
"396","147","399","0","1","0","0","0","1"
"435","186","438","0","1","0","0","0","1"
"474","225","477","0","1","0","0","0","1"
"513","264","516","0","1","0","0","0","1"
"552","303","555","0","1","0","0","0","1"
"591","342","594","0","1","0","0","0","1"
"0","369","18","0","1","0","1","0","0"
"0","381","30","1","0","0","0","0","1"
"0","420","69","1","0","0","0","0","1"
"0","459","108","1","0","0","0","0","1"
"0","498","147","1","0","0","0","0","1"
"0","537","186","1","0","0","0","0","1"
"0","576","225","1","0","0","0","0","1"
"0","15","264","1","0","0","0","0","1"
"0","54","303","1","0","0","0","0","1"
"0","93","342","1","0","0","0","0","1"
"0","132","381","1","0","0","0","0","1"
"0","171","420","1","0","0","0","0","1"
"0","210","459","1","0","0","0","0","1"
"0","249","498","1","0","0","0","0","1"
"0","288","537","1","0","0","0","0","1"
"0","327","576","1","0","0","0","0","1"
"0","360","15","1","0","0","0","0","1"
"0","399","54","1","0","0","0","0","1"
"0","438","93","1","0","0","0","0","1"
"0","477","132","1","0","0","0","0","1"
"0","516","171","1","0","0","0","0","1"
"0","555","210","1","0","0","0","0","1"
"0","594","249","1","0","0","0","0","1"
"36","0","285","1","0","0","0","0","1"
"75","0","324","1","0","0","0","0","1"
"114","0","363","1","0","0","0","0","1"
"153","0","402","1","0","0","0","0","1"
"192","0","441","1","0","0","0","0","1"
"231","0","480","1","0","0","0","0","1"
"270","0","519","1","0","0","0","0","1"
"309","0","558","1","0","0","0","0","1"
"324","0","573","1","0","0","0","1","0"
"348","0","597","0","1","0","0","0","1"
"381","36","384","0","1","0","0","0","1"
"420","75","423","0","1","0","0","0","1"
"459","114","462","0","1","0","0","0","1"
"498","153","501","0","1","0","0","0","1"
"537","192","540","0","1","0","0","0","1"
"576","231","579","0","1","0","0","0","1"
"0","264","267","0","1","0","0","0","1"
"0","288","291","0","1","0","1","0","0"
"0","303","306","1","0","0","0","0","1"
